날짜,제품명,마케팅채널,마케팅비용,노출수,클릭수,전환수
2023-07-10,퀀텀 태블릿 Lite,Instagram,146823,61171,1204,386
2023-04-22,퀀텀 플랫폼 Lite3,Facebook,105935,78054,124,105
2023-07-23,울트라 솔루션 Ultra2,Instagram,157171,68647,9995,1856
2023-11-09,AI 노트북 Ultra,Instagram,61718,93038,4133,3319
2023-03-27,고성능 카메라 SE,Facebook,309360,61707,4361,2818
2023-10-22,프로 플랫폼 Air8,Google Ads,467385,73389,6042,5260
2023-12-20,퓨처 모니터 Pro6,YouTube,99969,50614,442,404
2023-05-28,무선 스피커 Pro,Blog,306160,36798,1929,1737
2023-06-26,AI 솔루션 SE,Instagram,66538,34130,3559,2743
2023-02-20,울트라 스피커 Lite,Naver Ads,364082,5197,5197,4373
2023-10-11,퓨처 솔루션,YouTube,437399,89619,9775,6886
2023-08-09,퓨처 드론 Max7,Naver Ads,187830,81799,9789,1863
2023-10-08,무선 공기청정기 Lite9,Instagram,448478,31459,741,232
2023-01-17,기가 플랫폼 Plus,Naver Ads,357274,59659,3122,1644
2023-10-19,스마트 워치 Pro,Instagram,39571,48234,8597,3639
2023-10-09,에코 모니터 Pro5,Naver Ads,97260,25889,3587,1699
2023-07-11,네오 모니터 Lite3,Instagram,264930,21528,2972,1532
2023-04-16,프로 마우스 Pro,Google Ads,31994,9797,6704,5958
2023-02-06,퀀텀 플랫폼 Lite,YouTube,287792,76643,7158,4341
2023-08-09,고성능 마우스 Z,Blog,367735,91533,1435,561
2023-10-06,퀀텀 카메라 Pro,Facebook,454095,55268,4124,2905
2023-05-20,에코 센서 X7,YouTube,364793,92004,969,156
2023-04-26,하이퍼 키보드 Air,Blog,40756,54080,7319,294
2023-01-06,울트라 센서 Plus4,Blog,296945,41979,8405,230
2023-07-29,고성능 노트북 Z4,Facebook,145551,73681,4774,820
2023-03-09,기가 솔루션 Ultra,YouTube,244902,55531,7881,440
2023-05-19,AI 메모리 X1,Blog,49709,24052,9984,620
2023-05-08,네오 키보드 Pro9,Naver Ads,188120,53595,4483,2453
2023-01-04,울트라 플랫폼 Max7,Instagram,363373,11802,3006,1768
2023-07-17,울트라 워치 Ultra,Naver Ads,133417,4151,4151,3060
2023-10-28,퀀텀 플랫폼 Lite3,Naver Ads,413526,50814,6973,6072
2023-12-11,기가 메모리 Go,Instagram,423227,69234,2510,1604
2023-12-12,에코 프로세서 Plus,Instagram,196141,28392,6582,3776
2023-12-13,퓨처 로봇청소기 Pro,Blog,93976,96000,1941,75
2023-03-03,기가 메모리 X,Instagram,439513,79524,8458,75
2023-12-23,고성능 스피커 Lite3,Naver Ads,220068,79986,370,107
2023-02-19,에코 노트북 Ultra,Facebook,486006,53192,5324,3820
2023-09-16,고성능 드론 Ultra4,Instagram,40368,88203,2945,2817
2023-04-29,기가 워치 Air,Google Ads,399070,78917,3179,3141
2023-07-25,퓨처 키보드 X,Blog,284384,62277,6036,3103
2023-07-14,무선 솔루션 Pro,Naver Ads,139306,3217,3217,2864
2023-02-05,고성능 프로젝터 Go3,Google Ads,313003,90013,8874,2640
2023-05-19,AI 허브 Plus1,Facebook,342006,63170,6814,3926
2023-06-14,무선 메모리 Lite7,Instagram,438995,87044,6740,713
2023-10-14,에코 글래스 SE9,Naver Ads,139192,65008,5416,3602
2023-01-10,프로 충전기 Ultra,Google Ads,109557,76264,5904,1400
2023-10-06,하이퍼 워치 Plus8,Facebook,422283,8112,8112,3440
2023-11-20,에코 프로세서 Air10,Naver Ads,470291,69648,5983,1297
2023-08-10,스마트 메모리 Plus,Naver Ads,82776,71913,357,134
2023-09-06,울트라 태블릿 SE,Naver Ads,478260,66302,8462,1276
2023-03-10,기가 솔루션 Ultra9,YouTube,323450,43014,1667,1278
2023-12-30,AI 솔루션 X8,Instagram,122893,30516,9816,3712
2023-06-27,무선 가습기 SE,Facebook,101523,55484,4400,96
2023-05-18,AI 스피커 Z,Naver Ads,407950,33431,2973,648
2023-06-16,퀀텀 시스템 Plus1,Naver Ads,176764,19236,1875,1861
2023-10-13,프로 마우스 Lite8,Facebook,301549,5818,723,691
2023-04-06,하이퍼 카메라 Go10,Naver Ads,52293,93895,6629,3900
2023-02-05,울트라 드론 Go2,Blog,421666,84667,9661,5111
2023-08-18,AI 솔루션 X8,Naver Ads,219210,70523,9649,4679
2023-07-18,하이퍼 공기청정기 Air,Blog,18678,41458,2717,1746
2023-12-11,네오 스피커,Naver Ads,396687,18241,761,388
2023-01-03,무선 키보드 Plus8,Facebook,278369,26279,397,239
2023-11-07,무선 충전기 SE,Facebook,90842,12628,3611,1443
2023-07-19,무선 스피커,Facebook,103803,68493,694,444
2023-03-24,울트라 키보드 Go5,Instagram,377890,13394,6692,1133
2023-01-29,무선 스피커 Pro,Naver Ads,464565,12513,8811,5949
2023-03-20,울트라 드론 Go4,Blog,159713,27244,9101,5813
2023-11-21,무선 플랫폼 Pro6,YouTube,202091,48312,4326,2995
2023-01-20,무선 스피커 X2,Naver Ads,23858,92653,7213,1210
2023-08-08,울트라 카메라 Pro10,Google Ads,498802,15800,794,380
2023-03-31,네오 시스템,Naver Ads,393045,22544,3187,1590
2023-06-27,무선 키보드 Ultra1,Facebook,259554,50580,3165,2219
2023-10-12,퓨처 로봇청소기 Air5,YouTube,106728,74841,6575,5905
2023-05-30,프로 드론 Z8,YouTube,445811,25565,473,100
2023-11-07,AI 프로젝터 Pro4,Blog,282166,89085,3565,2100
2023-06-03,에코 노트북,Naver Ads,151539,66556,3157,658
2023-08-03,퀀텀 로봇청소기 Pro,Instagram,468837,28134,4235,2062
2023-11-14,스마트 허브 Plus,Naver Ads,234729,14323,3412,1958
2023-12-13,에코 센서 SE10,Facebook,126236,27668,9437,6982
2023-09-21,하이퍼 워치 Go,YouTube,84389,59501,3506,942
2023-03-27,기가 로봇청소기 X1,YouTube,391756,18643,7202,2829
2023-09-06,기가 가습기 Ultra,Instagram,119130,86245,9402,2198
2023-10-11,퀀텀 충전기 SE,Google Ads,53978,3136,3136,3125
2023-11-30,퓨처 워치 Plus,Instagram,21443,88374,6572,3448
2023-08-30,울트라 솔루션,YouTube,148109,37449,5323,5119
2023-07-26,퀀텀 스피커 Max5,Facebook,160347,46675,3430,2798
2023-02-06,기가 프로세서 Ultra2,YouTube,196746,58332,2979,2604
2023-07-22,AI 태블릿 Lite,Google Ads,245581,38322,7126,2395
2023-11-07,기가 허브 Go,Blog,445753,84022,2541,2506
2023-11-22,에코 시스템 Plus,Blog,23755,26024,9817,7903
2023-12-26,네오 충전기 Air,Naver Ads,450624,31539,6360,907
2023-10-05,무선 워치 Z3,YouTube,405853,49100,472,443
2023-07-12,AI 솔루션 SE,Instagram,460285,38820,8963,3130
2023-09-29,퀀텀 시스템 Go9,YouTube,304927,29065,5185,3933
2023-06-17,하이퍼 글래스 Ultra7,Blog,425488,21903,8831,6480
2023-05-23,고성능 솔루션 Pro,Facebook,320399,82017,8722,1278
2023-12-31,AI 스피커 Lite,YouTube,203310,63446,3906,2847
2023-05-04,퓨처 가습기 Max4,Instagram,165559,35537,4662,1091
2023-02-25,퓨처 마우스 Lite,Blog,397113,56812,2494,2248
2023-06-09,에코 센서 Max6,Google Ads,235411,27389,1848,1361
2023-04-01,에코 로봇청소기 Lite8,Instagram,342529,2904,2904,63
2023-01-11,스마트 프로젝터 Plus2,YouTube,333248,33572,8815,3716
2023-11-23,퓨처 노트북 Plus6,YouTube,327355,78911,8866,4704
2023-07-07,퓨처 키보드 Max10,Facebook,17418,50592,1380,321
2023-12-03,고성능 가습기 X7,Google Ads,118768,94908,8064,726
2023-09-24,무선 로봇청소기 Plus,Google Ads,274178,17713,3840,378
2023-10-06,퓨처 가습기 Air,Naver Ads,440430,22900,8170,314
2023-04-26,하이퍼 워치 Ultra,Naver Ads,149047,84181,792,321
2023-07-11,에코 마우스 Plus7,Instagram,436283,32261,7016,4859
2023-06-20,스마트 노트북 Pro,Blog,413424,66123,4787,1594
2023-11-21,AI 스피커 Lite4,Naver Ads,78588,23481,7434,2046
2023-12-07,프로 솔루션 Lite10,YouTube,78796,67619,4478,2141
2023-11-06,네오 충전기 Go3,Blog,309779,83170,9866,3201
2023-10-18,AI 스피커 X5,Naver Ads,49243,93056,7200,2200
2023-01-06,스마트 시스템 Go7,YouTube,196261,51850,758,135
2023-12-04,AI 허브 Plus1,YouTube,140020,99017,1596,1284
2023-04-02,고성능 센서 Plus,Naver Ads,399958,56852,4740,3127
2023-09-01,에코 워치 X9,YouTube,42493,44133,3570,375
2023-08-25,무선 로봇청소기 Pro8,Instagram,323088,23823,315,232
2023-09-06,프로 플랫폼 Air8,Facebook,420805,47596,6723,1293
2023-07-08,하이퍼 워치 Plus8,Blog,62496,99697,7012,812
2023-09-03,하이퍼 충전기 Z,Instagram,267880,95925,3144,1180
2023-03-17,무선 솔루션 SE7,Blog,129441,13799,3561,181
2023-08-01,AI 메모리 X1,Google Ads,70533,43879,7186,328
2023-10-18,네오 가습기 Go,Naver Ads,459260,96254,9849,7653
2023-12-18,하이퍼 카메라 X,Facebook,124026,74062,8454,3144
2023-06-07,네오 공기청정기 Go,Instagram,304986,95202,9756,1211
2023-07-11,무선 공기청정기 SE,Google Ads,223073,74489,9399,5236
2023-01-10,네오 허브 X,YouTube,142023,14578,7003,4342
2023-08-31,기가 충전기 Lite9,Blog,16052,33811,9408,6349
2023-09-09,에코 충전기 Pro,YouTube,158905,69106,7429,4143
2023-01-18,AI 글래스 Max,Blog,452215,16521,982,501
2023-08-15,프로 워치 Z5,Instagram,488770,3088,818,92
2023-06-05,에코 로봇청소기 Ultra5,Blog,93194,66247,1606,731
2023-06-03,에코 글래스 Max,YouTube,418685,20504,8703,1327
2023-11-11,네오 메모리 Plus10,YouTube,274139,57424,5646,693
2023-10-22,스마트 시스템 Go7,Blog,411192,1746,1746,1732
2023-03-25,하이퍼 이어폰 Plus9,Blog,314981,30398,5177,881
2023-06-07,AI 태블릿 SE,Blog,59984,68220,4542,3969
2023-09-15,울트라 로봇청소기 Z6,YouTube,394531,14994,6136,4807
2023-09-03,프로 마우스 Pro,Google Ads,94588,52537,2905,69
2023-09-13,하이퍼 스피커 Go,Instagram,413083,56030,5801,1053
2023-11-08,에코 로봇청소기 X,Blog,461268,8884,5221,4646
2023-08-16,AI 스피커 SE,Instagram,176991,36794,9996,9508
2023-06-28,울트라 노트북 Air,Instagram,37450,61160,9907,2353
2023-06-24,하이퍼 플랫폼,Naver Ads,264112,86413,7786,5984
2023-07-29,AI 태블릿 Z,YouTube,205872,99662,8449,6107
2023-08-10,퀀텀 솔루션 Z7,Instagram,137839,1312,1312,562
2023-10-10,스마트 허브 Plus,Google Ads,124820,77566,3534,947
2023-05-15,네오 모니터,Google Ads,495355,97958,6473,4
2023-01-11,기가 태블릿 Lite,Blog,63945,81584,690,475
2023-07-24,기가 메모리 X4,YouTube,388497,25385,9778,3153
2023-08-24,울트라 충전기 Pro10,Blog,167276,68508,876,643
2023-05-08,에코 드론 X,Facebook,162565,84024,6834,3003
2023-01-19,스마트 시스템 Go7,Blog,234786,1546,1405,303
2023-02-24,하이퍼 충전기 Z,YouTube,493029,74842,4530,778
2023-10-28,퓨처 워치,Google Ads,459158,83747,5691,5518
2023-09-05,AI 프로젝터 Pro4,Google Ads,219887,67234,3241,1627
2023-09-15,프로 프로젝터,Facebook,263509,75985,9378,6247
2023-10-30,고성능 드론 Plus2,Blog,335980,3103,3103,2010
2023-07-22,기가 플랫폼 Air,Google Ads,136112,56815,5613,2865
2023-12-18,프로 카메라,YouTube,185935,57403,7215,3573
2023-12-28,네오 메모리 Air5,YouTube,394398,19955,6794,3109
2023-10-25,스마트 프로젝터 X,Blog,284219,58323,8881,6887
2023-04-11,에코 공기청정기 Go,Naver Ads,29208,31332,6499,6224
2023-12-21,AI 키보드 Pro,YouTube,49194,20840,7225,6176
2023-10-11,프로 메모리 X,Instagram,323558,49410,6624,4831
2023-12-28,하이퍼 플랫폼,Facebook,71204,87926,7643,630
2023-05-06,기가 태블릿 Max,Blog,444036,70510,7359,6595
2023-11-06,무선 로봇청소기 Pro8,Facebook,57443,1666,1666,676
2023-09-29,스마트 마우스 X,Naver Ads,191726,86086,7577,6657
2023-09-14,고성능 가습기 X7,Google Ads,134399,62629,6898,3940
2023-04-12,기가 메모리 X4,Facebook,468847,92226,8588,799
2023-07-21,퓨처 모니터 Lite,Blog,368587,77677,1214,215
2023-02-12,AI 노트북 Ultra,Blog,369309,34244,8283,2942
2023-05-01,하이퍼 프로세서 SE,YouTube,391394,34147,6494,69
2023-01-05,프로 마우스 Plus,Facebook,236381,78886,7552,3689
2023-05-23,네오 메모리 Max4,Naver Ads,353949,16473,5147,1301
2023-08-03,울트라 허브 X2,Facebook,272088,73731,2990,201
2023-05-02,무선 드론 Lite,Blog,29295,93569,3652,1235
2023-11-15,하이퍼 키보드 Air,Naver Ads,104030,16186,7211,4544
2023-12-04,기가 메모리 Ultra9,Facebook,248895,41611,5172,2735
2023-10-06,스마트 메모리 Plus,Google Ads,288233,72081,7979,2738
2023-11-01,고성능 드론 Lite6,Google Ads,173357,24657,8291,5189
2023-10-17,울트라 솔루션 Ultra1,Blog,116874,19001,2636,1033
2023-10-30,기가 이어폰 Z7,Facebook,190646,62763,8217,3825
2023-09-11,고성능 모니터 Z,YouTube,303143,52521,3766,3190
2023-01-09,스마트 이어폰 Pro3,Instagram,259099,62448,4989,196
2023-01-08,무선 카메라 Z,YouTube,449264,47276,332,15
2023-10-22,하이퍼 카메라 X,YouTube,358169,49695,6120,513
2023-04-23,고성능 스피커 Pro,YouTube,479288,41318,7480,558
2023-12-03,고성능 스피커 Max,YouTube,218267,2350,2350,204
2023-08-15,하이퍼 허브 Plus,Blog,271039,87977,9757,1334
2023-02-16,무선 공기청정기 Lite9,Instagram,202991,68945,7833,3512
2023-06-30,퓨처 워치,Naver Ads,443092,42631,3777,1290
2023-01-26,스마트 마우스 X,Instagram,99723,73107,6336,2171
2023-05-22,퓨처 로봇청소기 Pro,Instagram,417532,9838,1326,724
2023-11-30,에코 솔루션 Plus2,YouTube,355508,68141,1665,817
2023-08-27,울트라 카메라 X,YouTube,426263,66674,513,285
2023-01-05,네오 키보드 Max8,Blog,171013,7682,3502,2804
2023-02-05,프로 모니터,Naver Ads,178065,57019,2510,23
2023-12-23,울트라 카메라 X,Blog,464809,54557,6848,1773
2023-09-19,스마트 솔루션 Lite,Blog,30688,72892,9075,492
2023-07-23,AI 키보드 Z6,Instagram,387130,34941,2164,1863
2023-04-22,울트라 공기청정기 Lite9,Facebook,259312,65476,6933,3806
2023-04-24,기가 태블릿 Max,Facebook,260911,84736,5997,1257
2023-02-12,기가 메모리 Go,Google Ads,499074,95222,7837,6229
2023-07-21,AI 메모리 X1,YouTube,405910,63601,6890,623
2023-08-18,하이퍼 허브 Plus,Facebook,93269,18278,584,567
2023-09-05,에코 모니터 Pro4,Facebook,381995,43976,6153,4757
2023-07-12,퀀텀 로봇청소기 Pro,Facebook,406769,12721,3188,854
2023-04-06,프로 스피커 Air,Facebook,431966,84988,8392,2266
2023-04-10,프로 센서 Ultra,YouTube,333098,81578,6977,4216
2023-11-02,하이퍼 프로젝터 Pro10,Naver Ads,250115,3628,3628,3500
2023-08-17,하이퍼 시스템 SE9,Facebook,449741,19715,2175,349
2023-12-11,AI 노트북,Blog,259210,42239,1739,668
2023-05-14,기가 글래스 Max,Naver Ads,28980,32311,7464,4607
2023-12-15,에코 공기청정기 Go,Facebook,303890,8343,3915,2112
2023-05-04,퓨처 메모리 Z2,Instagram,393573,98861,4969,3722
2023-04-12,퀀텀 솔루션 SE8,Naver Ads,90666,53945,344,100
2023-07-21,무선 드론 Lite,Blog,62710,23792,2196,945
2023-11-28,하이퍼 충전기 Z,Instagram,265397,42457,7218,6501
2023-02-20,네오 키보드 Plus,Blog,87802,54035,8197,7606
2023-12-29,네오 허브 Z9,Blog,142666,7686,1186,1111
2023-06-09,하이퍼 프로젝터 SE9,Facebook,204419,56163,3890,3103
2023-01-25,퀀텀 글래스 Max,Facebook,139985,20907,6258,1328
2023-09-06,퓨처 마우스 Air9,Blog,151679,26810,5727,1230
2023-05-09,하이퍼 센서 SE2,Facebook,354872,42394,2750,1334
2023-11-02,네오 이어폰,Blog,104917,15548,8557,4758
2023-08-31,퓨처 가습기 Ultra,Instagram,407370,90482,1500,1059
2023-11-12,퓨처 모니터 Max9,Blog,162488,60991,8736,1627
2023-09-13,네오 노트북 Z4,Naver Ads,389336,82620,9768,8580
2023-09-22,퀀텀 솔루션 SE8,Facebook,282326,86454,2777,164
2023-05-16,퀀텀 공기청정기 Pro9,Naver Ads,480788,37014,6505,4256
2023-03-29,스마트 프로젝터 Z6,Blog,79738,72983,2446,1319
2023-02-14,고성능 마우스 Plus10,Blog,73357,29458,3466,2173
2023-05-27,고성능 공기청정기 Air5,Facebook,202738,97712,5372,578
2023-06-10,기가 메모리 Pro,Instagram,415128,56498,192,36
2023-05-25,네오 허브 Z9,YouTube,446557,62438,4085,1430
2023-11-20,스마트 노트북 Pro,Google Ads,176483,82224,5470,350
2023-09-03,기가 충전기 Pro,YouTube,188132,76040,7650,3963
2023-04-24,하이퍼 글래스 Ultra7,Instagram,403239,67000,2098,2071
2023-04-14,AI 글래스 Z,YouTube,402078,77494,4636,4229
2023-07-22,퓨처 워치,Google Ads,48121,12361,4516,3703
2023-10-26,스마트 플랫폼 Ultra,YouTube,186386,30676,8357,5034
2023-05-07,하이퍼 프로젝터 Pro10,Blog,381849,87608,6508,5557
2023-05-31,퓨처 글래스 Z,YouTube,421456,19131,9290,9263
2023-03-15,AI 메모리,Facebook,261418,48156,7207,4172
2023-03-22,네오 허브 Go,YouTube,267632,23616,5405,2975
2023-03-09,네오 허브 Z9,Blog,277159,75175,256,110
2023-05-03,하이퍼 허브 Plus,Google Ads,343026,8993,8993,4205
2023-06-30,네오 프로세서 Lite,YouTube,44756,63161,7906,4769
2023-01-03,퓨처 드론 Z,YouTube,303913,30146,4903,948
2023-03-19,퀀텀 공기청정기 Pro9,Google Ads,118084,77241,2995,77
2023-11-16,AI 플랫폼 Z5,Google Ads,178756,82574,5307,4123
2023-06-28,스마트 가습기 Plus4,Naver Ads,377960,36566,4492,2966
2023-03-19,퀀텀 키보드 Max,Blog,387830,70299,1901,1333
2023-08-15,고성능 드론 Plus2,Blog,460369,90404,4763,1536
2023-04-30,무선 가습기 Z,Naver Ads,72321,32855,5792,761
2023-08-31,AI 노트북 Ultra,YouTube,432937,35147,124,3
2023-09-04,네오 키보드 Plus,Google Ads,271681,58321,5722,3644
2023-07-01,무선 시스템 Plus,Google Ads,279221,66897,3546,2331
2023-04-24,퀀텀 드론 Z,Blog,80502,57497,5429,314
2023-05-12,무선 글래스 Lite,Blog,487331,12742,9102,5838
2023-06-24,에코 드론 X,Google Ads,69354,82195,572,251
2023-01-18,기가 모니터 Max,Facebook,94495,19043,6553,5027
2023-10-16,퓨처 가습기 Air,Blog,459865,89479,3308,1735
2023-03-06,네오 노트북 Lite7,Facebook,247621,57292,4327,2180
2023-03-28,고성능 스피커 Max,Google Ads,295327,89989,4484,253
2023-09-13,퓨처 모니터 Pro6,Instagram,275683,73120,9285,9188
2023-10-03,울트라 허브 X2,Blog,59030,13180,7588,1278
2023-09-20,퀀텀 태블릿 Lite,Google Ads,189394,44343,8389,1044
2023-09-17,AI 드론 Max8,Google Ads,99902,85676,2587,1678
2023-08-20,기가 스피커 Ultra,Blog,158832,36914,1460,684
2023-10-04,네오 시스템 X7,Instagram,117562,98334,5429,714
2023-10-20,하이퍼 프로젝터 Plus,Facebook,68564,62149,6623,877
2023-07-17,하이퍼 태블릿 SE,Naver Ads,273540,48155,146,50
2023-06-30,울트라 스피커 Z10,Instagram,19055,24168,8072,4220
2023-07-22,퓨처 마우스 Lite,Google Ads,255511,86546,8771,6685
2023-09-10,무선 스피커 Lite,Google Ads,462400,76320,2649,352
2023-03-14,에코 노트북,YouTube,230168,51374,199,106
2023-06-13,하이퍼 공기청정기 SE3,Google Ads,203385,15651,8775,7934
2023-05-18,하이퍼 글래스 Lite10,Blog,289533,22998,6240,147
2023-10-13,퀀텀 이어폰 Z2,Blog,266765,97260,6954,2477
2023-05-21,네오 스피커,Naver Ads,10556,83831,3497,3069
2023-12-31,퀀텀 노트북 X,Facebook,139462,66620,3949,2693
2023-11-26,고성능 플랫폼 Ultra8,Google Ads,45539,31486,3952,3881
2023-10-18,네오 마우스 Plus,Instagram,335414,41715,905,78
2023-08-01,에코 태블릿 Z10,YouTube,466769,75638,7967,7608
2023-09-17,하이퍼 충전기,Naver Ads,73083,35019,4491,642
2023-04-02,무선 워치 Z3,YouTube,101677,35504,2630,80
2023-09-10,에코 모니터 Pro10,Blog,203760,89675,7467,6434
2023-08-11,AI 이어폰 Z3,Blog,488231,22707,2924,1643
2023-01-30,기가 프로세서 Ultra2,Facebook,255351,9524,4756,1511
2023-06-17,스마트 글래스 SE10,YouTube,204108,97454,9069,7764
2023-12-05,퓨처 키보드 Z,Facebook,384397,46177,5605,2162
2023-10-30,무선 가습기 SE,Facebook,320565,86284,7949,7024
2023-07-09,스마트 로봇청소기 Z,YouTube,488892,76937,2537,722
2023-03-18,기가 로봇청소기 X1,Google Ads,497913,56521,9969,7266
2023-10-16,네오 허브 Go,Google Ads,93122,23706,2303,1823
2023-08-05,무선 플랫폼 Pro6,Naver Ads,404645,72374,3116,1549
2023-12-25,무선 카메라 Lite9,YouTube,462927,92267,4904,3490
2023-01-02,기가 공기청정기 Max,Naver Ads,388776,23271,8942,3045
2023-06-20,네오 메모리 Air5,Blog,169417,27589,6134,846
2023-07-08,에코 글래스 Plus,Instagram,359655,76677,6603,4383
2023-01-28,고성능 플랫폼 Go4,Facebook,161377,51944,3897,67
2023-10-17,에코 이어폰 Pro3,Blog,202780,55943,4107,2108
2023-12-30,울트라 키보드,Facebook,496581,81297,3683,1721
2023-06-07,기가 프로세서 Ultra2,Google Ads,185380,12803,8966,3015
2023-04-28,울트라 센서 Plus4,YouTube,32142,65523,7493,5482
2023-06-27,기가 노트북 Go,Naver Ads,457550,4398,4398,2451
2023-09-05,고성능 센서 Plus,Instagram,99608,80298,2093,688
2023-05-31,무선 카메라 Z,Instagram,393566,12024,6328,6185
2023-08-01,스마트 플랫폼 Air,Blog,53438,58980,7553,7051
2023-02-22,네오 글래스 SE,Instagram,140973,49452,3913,2123
2023-12-10,AI 이어폰 Z3,Instagram,298776,13610,8993,4996
2023-07-14,무선 워치 Z3,Facebook,53469,83703,3826,2919
2023-02-12,하이퍼 프로젝터 Plus,Facebook,81067,6944,2429,160
2023-02-27,기가 글래스 Max6,Facebook,52793,94319,2967,850
2023-12-06,AI 프로세서 Plus3,Google Ads,317926,24651,1428,662
2023-09-20,퀀텀 태블릿 Plus,YouTube,139519,37567,2607,1979
2023-11-15,하이퍼 가습기 Lite,Naver Ads,90101,69161,9225,656
2023-03-07,AI 스피커 Z,Google Ads,488862,28572,4149,1194
2023-05-04,에코 프로젝터 X5,Blog,440793,75952,7416,4982
2023-02-09,기가 글래스 Max6,Blog,344040,61288,3081,2785
2023-10-11,퀀텀 가습기 SE,YouTube,393378,42106,6297,5661
2023-03-05,고성능 스피커 Max,Naver Ads,262432,57148,1559,1559
2023-08-21,에코 충전기 Pro,Naver Ads,438406,32233,2186,1762
2023-12-09,프로 마우스 Plus,Facebook,11593,42993,9109,6238
2023-04-07,기가 솔루션 Ultra9,YouTube,438282,55516,2204,513
2023-02-20,무선 허브 Z,Google Ads,172970,97388,2174,1072
2023-05-20,무선 메모리 Plus8,Facebook,314933,71218,2977,135
2023-01-12,고성능 워치 Air,Facebook,341655,19202,8771,1626
2023-02-19,하이퍼 가습기 Lite,Blog,338119,77187,1525,1429
2023-11-23,울트라 솔루션,YouTube,204684,78048,6030,2450
2023-11-08,퀀텀 드론 Air,Blog,297565,60103,4617,1744
2023-08-13,하이퍼 키보드 Plus3,Facebook,472863,14789,1948,1287
2023-06-19,하이퍼 충전기 Lite,Google Ads,302729,29044,8931,8810
2023-02-24,프로 키보드 Plus,Instagram,136597,35784,4116,269
2023-02-05,고성능 공기청정기 Air5,Google Ads,284018,43974,6870,3564
2023-10-03,무선 플랫폼 Go6,Instagram,261489,64466,7869,1510
2023-04-12,에코 모니터 X6,Blog,309947,62937,8529,151
2023-04-22,고성능 이어폰 Pro9,YouTube,128551,3067,3067,2859
2023-08-09,퀀텀 시스템 Go9,Facebook,346856,14192,7692,350
2023-01-09,기가 이어폰 Z7,YouTube,463749,62104,4426,1317
2023-11-19,무선 키보드 Plus8,Naver Ads,406568,35379,9412,1863
2023-07-07,프로 플랫폼 SE,YouTube,178269,39742,1166,76
2023-08-07,스마트 노트북 Pro,Naver Ads,416084,83475,3880,2246
2023-08-05,울트라 솔루션 Max5,Facebook,173384,79304,7391,4850
2023-10-08,프로 태블릿 X,Instagram,31364,73205,8269,2130
2023-10-24,기가 드론 X,Instagram,244201,89806,2360,746
2023-09-05,에코 플랫폼 Pro,Google Ads,74159,81477,7356,1815
2023-03-31,하이퍼 프로젝터 Z,Naver Ads,250238,58450,3261,2014
2023-08-24,하이퍼 프로세서 SE,Google Ads,167925,33740,1850,1165
2023-08-26,무선 카메라 Lite9,YouTube,323399,27589,7977,2074
2023-05-11,하이퍼 허브 Lite7,Instagram,257762,27052,534,413
2023-03-31,하이퍼 센서 Air9,Facebook,446116,99320,7628,935
2023-04-01,하이퍼 이어폰 Plus9,YouTube,383800,16901,8613,4621
2023-09-02,하이퍼 프로젝터 Z,Facebook,383246,18771,4342,3801
2023-04-27,하이퍼 글래스 Ultra7,Google Ads,472119,68475,284,8
2023-11-09,울트라 카메라 X,YouTube,208063,9386,8692,1338
2023-05-08,퓨처 허브 X8,Google Ads,317092,2208,2208,1152
2023-09-28,고성능 마우스 Air4,Google Ads,253548,42856,8072,3214
2023-03-15,무선 워치 Z3,Naver Ads,419881,67096,7073,221
2023-10-06,울트라 드론 Go4,Facebook,151041,36852,462,252
2023-12-10,하이퍼 워치 Plus8,YouTube,404761,82429,9199,671
2023-09-18,고성능 솔루션 Pro,Blog,432970,41658,6064,5383
2023-07-04,울트라 메모리 Lite,Blog,99021,79742,1022,73
2023-03-14,에코 이어폰 Pro3,Google Ads,192000,29640,9175,3717
2023-01-04,네오 솔루션 Ultra,Naver Ads,41229,41569,8189,449
2023-11-21,기가 시스템 Go4,Google Ads,71208,35129,3962,109
2023-06-29,하이퍼 허브 Plus,Blog,482266,96659,204,170
2023-05-09,기가 플랫폼 Max,Instagram,363131,11297,9282,8070
2023-08-18,울트라 노트북 Lite3,Naver Ads,95538,47634,6923,4685
2023-09-21,AI 키보드 Max,Google Ads,483072,2360,2238,578
2023-12-04,기가 이어폰 Z7,YouTube,287076,53054,3984,3017
2023-07-31,퀀텀 노트북 X,YouTube,163361,42149,8220,7299
2023-08-16,네오 솔루션 Ultra,Facebook,373794,83927,7756,7714
2023-04-14,무선 메모리 Plus8,Blog,418718,18377,4456,2424
2023-05-15,프로 모니터,Blog,201398,86265,5170,417
2023-06-13,기가 드론 X,Naver Ads,487960,53796,3652,3408
2023-09-18,울트라 워치 Ultra,Naver Ads,286548,54907,189,143
2023-03-23,에코 센서 Ultra3,Instagram,480336,17990,1891,1084
2023-08-11,네오 이어폰 Ultra7,Naver Ads,349855,37103,6939,1547
2023-06-21,하이퍼 충전기 Lite,Facebook,199141,58675,9077,7472
2023-08-28,퓨처 노트북 Z4,Blog,154719,72799,1147,675
2023-10-07,무선 플랫폼 Ultra,Naver Ads,273435,65442,3622,3534
2023-07-16,무선 스피커 Lite,Naver Ads,277178,9535,866,1
2023-10-11,울트라 센서,Facebook,177620,28894,5031,2608
2023-11-30,울트라 이어폰 Lite2,Instagram,451669,42063,7810,3639
2023-12-16,하이퍼 공기청정기 Max,Naver Ads,464451,97090,1198,198
2023-12-08,울트라 허브 Z,Facebook,241515,95857,8247,6146
2023-11-12,프로 플랫폼 SE,Facebook,57877,39715,6187,5071
2023-02-02,네오 카메라 Plus,Instagram,492372,41607,4833,3222
2023-11-15,울트라 카메라 X,Naver Ads,355143,51435,9017,4699
2023-05-06,네오 시스템 X7,YouTube,232800,86273,6275,5708
2023-01-01,울트라 로봇청소기 Z6,Instagram,456821,40252,6500,1019
2023-09-11,AI 스피커 SE,Google Ads,67015,33406,7635,4018
2023-10-14,퓨처 모니터 Lite,Blog,441315,57232,5325,428
2023-04-13,무선 충전기 Max,Instagram,262073,30306,8841,5588
2023-02-22,에코 충전기 SE5,Blog,54403,83299,774,261
2023-01-23,하이퍼 공기청정기 Max,Instagram,233647,47521,2267,1372
2023-04-15,에코 모니터 Pro5,Naver Ads,365894,68025,7977,2243
2023-03-12,프로 키보드 Plus,Blog,428826,32391,3062,1277
2023-03-10,퓨처 드론 Z,Blog,220994,90928,218,65
2023-12-05,하이퍼 이어폰 Plus9,Google Ads,345765,17297,5714,3833
2023-02-16,스마트 노트북 Pro,Blog,401696,79242,2581,1369
2023-07-06,네오 메모리 Max4,Instagram,479549,94882,8976,7652
2023-09-18,퀀텀 시스템 Plus1,Blog,168199,8191,4754,1395
2023-06-09,AI 태블릿 Lite,Instagram,476461,91546,4070,710
2023-10-02,울트라 센서 Air3,Blog,185525,53750,1240,93
2023-05-01,스마트 프로젝터 Plus,Google Ads,15976,39740,2060,2057
2023-02-05,하이퍼 공기청정기 SE3,YouTube,189797,12907,2022,2001
2023-07-01,울트라 센서 Air3,Blog,119884,24257,6148,829
2023-07-21,프로 메모리 X,Instagram,147357,82026,9224,7882
2023-11-20,기가 충전기 Ultra,Instagram,426635,65586,629,51
2023-09-26,네오 마우스 Z3,Facebook,460189,65965,2773,1532
2023-10-17,AI 태블릿 Lite,Naver Ads,205973,39139,9838,8642
2023-01-18,무선 드론 Lite,Naver Ads,413930,11318,5311,1420
2023-08-04,기가 노트북 Go,Instagram,299088,56882,5841,792
2023-01-09,프로 솔루션 Plus1,Blog,147120,68929,462,334
2023-12-27,네오 마우스 Lite1,Blog,373753,91520,644,13
2023-05-21,네오 센서 Go,Blog,251763,31006,9483,6222
2023-06-01,네오 모니터,Facebook,414731,40333,486,169
2023-08-13,무선 플랫폼 Pro6,Blog,414173,17371,5524,5016
2023-05-11,무선 충전기 Go,Blog,174343,97428,4159,1675
2023-10-23,퀀텀 가습기 Pro6,Instagram,199009,38778,2028,1123
2023-01-30,고성능 플랫폼 Go4,Naver Ads,303626,36522,341,65
2023-10-06,고성능 공기청정기 Air10,YouTube,212169,77304,4694,495
2023-04-02,하이퍼 프로세서 SE,Naver Ads,272817,68084,8949,8723
2023-10-12,퓨처 충전기 Z9,Instagram,201587,48757,125,78
2023-12-03,하이퍼 플랫폼,Blog,313211,26250,8728,6159
2023-05-01,퓨처 솔루션,Instagram,373407,13804,922,327
2023-02-05,고성능 솔루션 Pro,Facebook,143175,76299,7775,1765
2023-11-30,퓨처 워치,Blog,300577,42160,7505,4492
2023-05-05,네오 태블릿 Plus10,Blog,81211,29456,8342,2583
2023-06-15,에코 글래스 Pro2,Naver Ads,149269,93026,8039,254
2023-05-05,하이퍼 시스템 SE9,YouTube,155791,39451,9691,1986
2023-12-07,프로 센서 Plus3,Naver Ads,33729,51580,5279,582
2023-12-17,네오 노트북 Lite7,YouTube,400014,9750,9377,1461
2023-07-10,에코 로봇청소기 X,Facebook,17940,42282,547,26
2023-10-14,프로 플랫폼 Air8,Instagram,247774,23735,7825,6
2023-02-23,울트라 충전기 X,Instagram,71066,59759,9035,373
2023-02-13,퀀텀 프로젝터 Max,Naver Ads,414437,10839,8713,1025
2023-05-10,퓨처 키보드 X,Facebook,125373,53322,6617,4194
2023-09-14,프로 플랫폼 Plus,Naver Ads,489233,24047,6531,2445
2023-12-31,고성능 마우스 Air4,Blog,362256,47842,4202,2153
2023-06-19,고성능 드론 Plus2,Instagram,439285,67474,1508,436
2023-08-26,프로 플랫폼 SE,YouTube,125276,59310,148,34
2023-05-13,무선 마우스 Go,Facebook,268070,15947,7697,7015
2023-02-10,스마트 플랫폼 Lite,YouTube,236642,96456,7590,430
2023-03-07,하이퍼 허브 Air,Google Ads,307224,90459,6119,3592
2023-07-07,퓨처 워치,Instagram,13317,4292,384,330
2023-02-24,기가 스피커 Max,Google Ads,237446,20670,1702,271
2023-07-12,AI 메모리,Google Ads,294810,98639,8446,7403
2023-03-24,AI 스피커 Z,Facebook,383215,64104,9349,8217
2023-07-14,기가 메모리 SE,Instagram,419253,89583,9008,4307
2023-07-19,네오 프로젝터 Air,YouTube,28053,81309,9304,5492
2023-08-07,퀀텀 공기청정기 Pro9,Google Ads,355943,3606,2901,2546
2023-01-22,퀀텀 로봇청소기 Go,Blog,460554,77048,8645,6178
2023-05-04,울트라 스피커 Z10,Blog,366437,91679,6600,4487
2023-12-15,무선 플랫폼 Pro6,Google Ads,101992,93499,3692,1988
2023-10-19,네오 허브 Go9,YouTube,40234,58207,6896,1503
2023-11-15,퓨처 워치,YouTube,212420,62323,8538,935
2023-10-29,네오 솔루션 Ultra,YouTube,186174,72911,9245,9222
2023-04-14,퓨처 공기청정기,Naver Ads,289003,98474,4074,3580
2023-12-21,네오 카메라 Plus,Facebook,204661,3224,3224,1901
2023-09-19,스마트 로봇청소기 Z,Blog,262169,40979,2601,530
2023-03-21,기가 충전기 Pro,YouTube,161546,87250,9607,3656
2023-04-22,에코 모니터 Pro4,YouTube,474590,71159,1811,1558
2023-09-11,고성능 마우스 Z,YouTube,453992,44564,681,580
2023-06-28,스마트 태블릿 Z6,Instagram,411086,67477,8166,3993
2023-04-22,프로 프로젝터,Blog,191604,40104,9546,4992
2023-11-29,네오 프로젝터 Air,Facebook,260074,77924,3797,3211
2023-06-02,울트라 드론 Go2,Blog,403829,50178,7380,3586
2023-05-12,퓨처 모니터 Air,Blog,324065,87247,2836,2450
2023-04-05,울트라 충전기 Max9,Facebook,373278,83065,6030,1358
2023-06-11,무선 메모리 Plus8,Facebook,487543,45542,496,166
2023-12-06,울트라 허브 Z,Google Ads,405431,66508,373,204
2023-09-07,하이퍼 카메라 Go10,YouTube,103915,55702,399,265
2023-10-08,네오 마우스 Z3,Facebook,178404,95165,719,119
2023-04-19,프로 센서 Ultra,Instagram,289004,75588,232,151
2023-06-23,에코 모니터 Pro5,Facebook,156762,59594,2278,826
2023-07-30,하이퍼 허브 Lite7,Naver Ads,308281,59963,7298,3896
2023-07-21,퀀텀 이어폰 Z2,Google Ads,102752,79167,1906,519
2023-06-04,하이퍼 마우스 X6,Blog,71108,30346,8100,5254
2023-09-30,에코 모니터 Pro10,Naver Ads,487945,27126,2427,1315
2023-10-23,스마트 프로젝터 X,Instagram,95941,22515,2553,296
2023-02-19,퀀텀 센서 Pro,Facebook,374757,74224,2927,2401
2023-08-29,에코 플랫폼 Pro,Naver Ads,127994,79458,7178,3773
2023-04-04,퀀텀 드론 Ultra1,Naver Ads,311525,8757,2456,566
2023-01-12,스마트 플랫폼 X,Google Ads,123896,85244,1070,294
2023-09-30,하이퍼 워치 Ultra,YouTube,204512,26804,991,155
2023-01-25,고성능 플랫폼 Ultra8,Instagram,456768,8989,2861,745
2023-03-26,기가 플랫폼 Air,Blog,160845,66822,3364,326
2023-09-01,기가 로봇청소기 X1,YouTube,439723,61469,9209,6029
2023-08-31,프로 워치 Max,Google Ads,415271,98368,9201,8300
2023-04-24,무선 스피커 Pro,Naver Ads,47381,3820,3820,2612
2023-05-27,고성능 모니터 Z,Blog,407971,31980,644,447
2023-02-20,AI 노트북 Ultra,Google Ads,49779,97227,1951,126
2023-05-15,기가 노트북 Air,YouTube,96045,35492,3602,1135
2023-10-10,프로 플랫폼 Air8,Facebook,440509,37470,2536,792
2023-11-16,프로 플랫폼 SE,Facebook,335393,84705,9489,595
2023-07-03,하이퍼 로봇청소기 Z10,YouTube,231021,26964,4036,2393
2023-10-19,AI 노트북,Blog,455297,13091,1951,1556
2023-07-21,프로 키보드 Plus,Google Ads,65716,98566,3256,1237
2023-01-04,울트라 드론 Go4,Instagram,240622,41339,7060,5074
2023-08-25,무선 플랫폼 Air,Naver Ads,167089,89632,7495,1710
2023-12-15,울트라 솔루션 Plus8,Naver Ads,125534,81266,211,68
2023-08-20,AI 플랫폼 Z5,Instagram,481086,43525,5642,3697
2023-01-20,스마트 프로젝터 Pro4,Blog,35173,59343,8901,3274
2023-02-13,퓨처 가습기 Ultra,Facebook,95585,72484,5617,4177
2023-01-06,네오 마우스 Z3,YouTube,428576,31074,3886,3033
2023-07-01,무선 플랫폼 Ultra,Google Ads,140233,79293,3411,799
2023-05-02,에코 메모리 Pro1,Naver Ads,499256,77139,6490,3086
2023-02-19,무선 가습기 Z,Blog,443031,16940,602,188
2023-09-23,AI 플랫폼 Z5,Google Ads,327381,15800,9151,7962
2023-09-13,기가 플랫폼 Air,Naver Ads,58776,27338,1252,213
2023-03-09,네오 키보드 Pro9,Blog,119477,1759,1759,83
2023-11-22,고성능 모니터 Z,Instagram,420201,48252,417,299
2023-12-15,네오 노트북 Lite7,Instagram,188110,68449,3061,2225
2023-08-15,프로 모니터,YouTube,268174,82925,3343,1878
2023-01-19,무선 가습기 Z,Blog,42770,83547,9940,3097
2023-02-27,고성능 노트북 Z4,Naver Ads,277856,12878,2612,580
2023-03-18,퓨처 공기청정기,Google Ads,149193,25591,3728,603
2023-11-10,고성능 공기청정기 Lite2,YouTube,267780,4212,4212,3802
2023-05-05,고성능 워치 Max,Google Ads,499601,89686,4436,3788
2023-02-27,프로 글래스,YouTube,168233,22918,3211,1413
2023-11-23,AI 솔루션 X8,Blog,236934,15076,1792,1322
2023-04-04,고성능 드론 Lite6,YouTube,76576,89631,1206,769
2023-02-24,고성능 드론 Ultra4,Naver Ads,310804,80843,6649,2753
2023-05-18,퓨처 카메라 SE,YouTube,23340,70469,3514,1411
2023-07-12,울트라 솔루션 Ultra10,Naver Ads,381332,76459,4826,337
2023-07-29,AI 스피커 Lite,Blog,97021,55206,3098,1860
2023-06-02,퓨처 노트북 Z4,Google Ads,209429,48487,8256,970
2023-08-10,울트라 솔루션 Max5,Facebook,326522,15120,711,394
2023-12-13,네오 워치 Pro,YouTube,272153,68726,4669,3213
2023-02-17,에코 이어폰 Z,Naver Ads,496261,77373,4265,1827
2023-10-07,고성능 마우스 Z,Google Ads,403386,85649,6974,3212
2023-02-06,AI 스피커 Lite4,Instagram,330490,41215,1165,624
2023-01-23,에코 모니터 Pro10,Facebook,412437,43471,5026,189
2023-09-11,무선 허브 Go,Naver Ads,398883,94234,8858,7331
2023-10-27,무선 워치 Z6,YouTube,171985,63803,9651,6990
2023-01-12,스마트 글래스 SE10,Google Ads,306976,41794,838,743
2023-12-24,에코 글래스 Lite1,YouTube,146494,73280,5369,4425
2023-03-14,퓨처 키보드 X,Instagram,83096,80090,9256,1033
2023-07-20,에코 허브 Lite7,Naver Ads,177107,8987,2286,1035
2023-03-03,고성능 스피커 Pro,Blog,484941,73754,9076,2466
2023-08-03,네오 시스템,Blog,14106,85204,7252,2284
2023-09-27,고성능 마우스 Plus10,Google Ads,172121,9863,236,92
2023-03-03,퓨처 글래스,Naver Ads,437048,26420,1775,1473
2023-05-25,에코 스피커 Lite,Blog,129603,3665,1555,1255
2023-01-08,에코 허브 Lite7,Facebook,186867,23334,8802,5092
2023-02-10,네오 허브 Z9,Facebook,321875,43661,6738,1524
2023-11-24,하이퍼 센서 Ultra9,Blog,369616,5050,3120,2587
2023-09-18,스마트 프로젝터 Plus,YouTube,399541,66860,2856,1099
2023-09-11,고성능 드론 Plus2,Google Ads,14492,78244,4377,3622
2023-04-26,네오 이어폰,Facebook,343256,45719,2635,943
2023-09-24,고성능 카메라 SE,Facebook,451748,3798,854,95
2023-03-24,스마트 마우스 X,YouTube,288514,94540,4895,117
2023-01-04,스마트 충전기 Air,Facebook,75651,94762,4554,1058
2023-04-16,하이퍼 키보드 Plus3,Instagram,140005,28422,7976,6723
2023-06-20,퀀텀 카메라 Pro,Facebook,115057,42660,3524,15
2023-03-16,기가 스피커 Max,Google Ads,377914,2041,2041,1292
2023-08-31,울트라 키보드,YouTube,294310,72269,6621,2620
2023-07-19,스마트 드론 Max2,Naver Ads,218019,86643,6894,1734
2023-11-21,무선 충전기 SE,YouTube,156894,92606,7018,1212
2023-01-12,네오 솔루션 Ultra,Instagram,184170,32311,8363,1207
2023-08-15,하이퍼 마우스 Ultra6,YouTube,229530,86150,4533,3175
2023-06-14,스마트 스피커 Pro3,Instagram,143686,66014,8242,6254
2023-12-06,퓨처 노트북 Z4,Naver Ads,432862,35587,9877,554
2023-08-02,AI 스피커 SE,Naver Ads,388221,2673,2673,393
2023-07-22,AI 스피커 SE,Instagram,376213,36986,8584,8184
2023-08-24,울트라 이어폰 Lite2,Instagram,316031,68129,3330,185
2023-12-28,스마트 솔루션 Lite,Naver Ads,492803,77116,7914,3907
2023-08-26,퀀텀 로봇청소기 Pro,Naver Ads,294476,24423,6917,3303
2023-01-31,AI 프로젝터 Pro,Blog,243092,50977,9866,7955
2023-12-21,프로 플랫폼 SE,Blog,430685,61131,9068,7347
2023-11-28,네오 허브 X,YouTube,206091,37918,3867,147
2023-03-10,에코 솔루션 Plus2,YouTube,263707,87644,9120,6666
2023-10-31,에코 허브 Plus,YouTube,211884,55046,2655,1706
2023-11-01,고성능 가습기 Go,Facebook,119400,55805,1774,477
2023-04-05,퀀텀 센서,YouTube,75267,38252,8536,5515
2023-07-26,AI 메모리,Naver Ads,476279,61927,2515,1398
2023-05-12,에코 글래스 SE9,Naver Ads,30541,22153,7441,3099
2023-11-29,퓨처 공기청정기 Max,Google Ads,83572,45450,8427,4145
2023-10-04,기가 노트북 Max9,YouTube,355565,23483,5480,4226
2023-02-20,에코 허브 Plus,Facebook,152702,95223,2001,345
2023-04-09,프로 메모리 X,Google Ads,486423,39155,8803,8620
2023-03-23,프로 카메라,Instagram,416329,9706,6401,5266
2023-10-15,네오 허브 Go9,YouTube,115765,57040,7962,485
2023-02-05,네오 워치 Pro,Facebook,85223,84430,1961,1948
2023-02-08,네오 키보드 Plus,Google Ads,328584,19902,9404,6518
2023-07-31,울트라 플랫폼 Max7,YouTube,52508,73701,8148,7221
2023-07-25,하이퍼 마우스 Ultra6,Blog,58182,94406,4612,3267
2023-10-18,무선 메모리 Lite7,Google Ads,299256,24150,1259,604
2023-03-15,프로 솔루션 Lite10,YouTube,402756,57308,2460,240
2023-09-13,무선 글래스 Lite,Facebook,340459,50838,5244,2514
2023-11-17,울트라 솔루션 Ultra10,Blog,224892,2175,2175,1661
2023-01-16,기가 시스템 Go4,YouTube,291909,9943,3448,3293
2023-02-08,네오 드론 Air,Naver Ads,252551,95423,6546,996
2023-12-16,고성능 가습기 X7,Instagram,396695,46885,7418,1039
2023-09-09,퀀텀 드론 Z,Instagram,355415,33884,3161,1746
2023-07-02,울트라 솔루션 Lite,Facebook,75888,63779,1158,465
2023-05-10,네오 키보드 Pro9,YouTube,438781,24413,9444,1032
2023-12-25,스마트 노트북 Pro,Blog,273478,94034,7792,2156
2023-08-05,AI 시스템 Pro3,YouTube,346038,76264,2688,413
2023-07-08,프로 키보드 Air,Instagram,478458,78087,3480,174
2023-12-14,무선 메모리 Plus8,Google Ads,137628,92409,6158,4692
2023-08-19,울트라 메모리 Air5,Naver Ads,43818,13245,9276,5384
2023-02-25,고성능 공기청정기 Lite2,Google Ads,365523,77871,7459,2819
2023-08-18,AI 글래스 Z,YouTube,189564,46210,2860,1535
2023-09-17,AI 시스템 Max1,Blog,203810,28042,6574,5712
2023-04-30,에코 프로세서 Air10,YouTube,206245,87111,6650,2076
2023-12-12,프로 모니터 Max,Naver Ads,339170,69904,4571,2869
2023-05-07,무선 솔루션 SE7,Google Ads,463316,87089,975,765
2023-12-19,고성능 카메라 SE,YouTube,296384,50786,4037,2548
2023-01-21,네오 프로세서 Pro,Naver Ads,79195,7761,1161,41
2023-07-06,기가 드론 X,Naver Ads,131613,77756,8190,404
2023-09-12,무선 키보드 Ultra1,Naver Ads,327944,16245,9315,3759
2023-11-23,스마트 허브 Plus,Google Ads,484221,21719,3581,3106
2023-02-04,퀀텀 드론 Plus,Google Ads,365790,59885,5805,3393
2023-09-04,무선 로봇청소기 Plus,Instagram,366745,70076,6113,5192
2023-12-11,에코 스피커 Z4,Blog,388436,71122,6376,3135
2023-06-14,무선 솔루션 SE7,Instagram,169129,4876,4876,2332
2023-12-23,네오 모니터 Lite3,Naver Ads,27662,81802,791,592
2023-04-09,퓨처 충전기 Z9,YouTube,43258,5912,931,465
2023-10-02,네오 마우스 Plus,Instagram,473936,40424,8666,723
2023-01-25,퀀텀 드론 Air,Blog,489312,13788,7489,1284
2023-07-09,무선 가습기 Z,YouTube,200633,41111,2984,568
2023-08-14,에코 이어폰 Z,YouTube,337650,55175,4301,552
2023-04-13,네오 센서 Go,Naver Ads,323367,50361,3075,1743
2023-02-28,프로 가습기 Z4,Instagram,193498,85429,5716,1446
2023-10-27,하이퍼 로봇청소기 Lite10,Google Ads,257199,77105,5035,3746
2023-03-31,무선 가습기 Z,YouTube,62324,17176,1227,1077
2023-04-24,AI 로봇청소기 Max10,Naver Ads,329013,58154,2319,298
2023-04-28,기가 플랫폼 Plus,Instagram,452334,40033,2195,1100
2023-05-20,에코 충전기 SE5,Google Ads,201503,11755,9347,2461
2023-03-20,에코 글래스 Max2,Google Ads,191728,52390,5738,3087
2023-03-22,퀀텀 태블릿 Lite,Facebook,433718,19355,369,291
2023-09-24,무선 허브 Ultra,Blog,392926,68841,1256,580
2023-04-14,하이퍼 스피커 Go,Naver Ads,193165,93744,7770,5452
2023-06-20,스마트 태블릿 Z6,Blog,164682,25581,3040,1141
2023-09-12,무선 허브 Z,Naver Ads,489343,83161,7702,1935
2023-02-21,퓨처 키보드 X,YouTube,461347,82637,4702,3386
2023-10-09,스마트 태블릿,Instagram,437230,8818,4215,2072
2023-02-17,하이퍼 프로세서 SE,Naver Ads,146166,67167,6692,1863
2023-08-16,무선 드론,Blog,373165,53062,1142,482
2023-07-22,퀀텀 키보드 Pro5,Blog,308111,30538,4714,4535
2023-02-06,네오 솔루션 Ultra,YouTube,93049,50048,9467,8099
2023-09-07,네오 워치 Pro,YouTube,330965,50712,2721,1034
2023-01-18,하이퍼 프로젝터 SE9,Google Ads,161812,81165,7663,666
2023-03-18,에코 마우스 Ultra,Instagram,175102,1053,1053,397
2023-03-24,네오 마우스 Plus,Blog,57956,96609,874,411
2023-07-28,AI 태블릿 SE,Instagram,480823,35755,8372,8014
2023-02-16,퓨처 노트북 Z4,Instagram,176037,53594,2163,1436
2023-05-28,스마트 프로젝터 Pro4,Blog,10557,12130,2393,2063
2023-06-19,울트라 키보드 Go5,Naver Ads,290761,97802,2457,2241
2023-01-23,기가 충전기 Lite9,Google Ads,402821,62254,4427,839
2023-12-19,퓨처 메모리 Z2,Instagram,250919,3936,600,357
2023-09-01,고성능 메모리 Z2,Facebook,104461,41460,9236,7986
2023-03-13,네오 플랫폼 Ultra9,YouTube,331743,2516,2516,2146
2023-07-11,스마트 태블릿,Naver Ads,423623,66781,5748,3024
2023-02-11,퓨처 가습기 Go10,Facebook,424842,39738,4732,3996
2023-02-10,무선 글래스 Lite,Google Ads,167294,30508,1749,508
2023-01-19,스마트 솔루션 Air9,YouTube,318420,7921,7921,545
2023-01-25,고성능 키보드 Go,Instagram,396326,5073,5073,4160
2023-04-13,프로 스피커 Air,Google Ads,309056,26672,3898,1044
2023-07-19,울트라 충전기 Pro10,Instagram,443004,31083,8713,3749
2023-08-14,기가 충전기 Lite9,Instagram,135193,73884,2000,1999
2023-11-04,울트라 가습기 Z1,Instagram,128659,75415,9005,3086
2023-08-10,에코 센서 X7,Instagram,396397,14518,3706,1764
2023-02-19,네오 모니터 Lite3,Instagram,172676,80741,8479,232
2023-02-28,스마트 스피커 Pro3,Naver Ads,436229,76617,9434,6672
2023-02-15,네오 충전기 Go3,Blog,379797,4557,4158,2012
2023-06-06,하이퍼 프로젝터 Pro10,Instagram,411046,1913,1913,597
2023-02-10,하이퍼 마우스 Plus,Facebook,189299,34388,4363,3602
2023-11-27,고성능 공기청정기 Plus,Naver Ads,363767,49366,3308,884
2023-07-31,하이퍼 로봇청소기 Lite10,YouTube,176416,5726,5726,1158
2023-06-25,퓨처 마우스 Air9,Google Ads,214178,87871,2561,1154
2023-09-11,프로 드론 Lite,Instagram,315953,75123,8619,5520
2023-06-15,프로 플랫폼 Z4,Blog,213719,96845,8090,198
2023-07-21,AI 프로젝터 Pro,Blog,132842,95431,750,730
2023-12-09,네오 솔루션 Ultra,Google Ads,447556,73464,917,807
2023-03-30,울트라 센서 Air3,Facebook,218374,61930,4458,2299
2023-03-15,스마트 솔루션 X,Google Ads,304201,11059,7947,4156
2023-02-15,고성능 이어폰 Go3,Google Ads,453539,44527,3271,1527
2023-02-26,울트라 충전기 Pro10,Facebook,430182,64052,9247,9247
2023-09-29,울트라 충전기 X,Naver Ads,60285,92563,1243,1087
2023-04-23,프로 태블릿 X,YouTube,77852,43938,8846,3532
2023-07-21,기가 스피커 Max,Facebook,345521,34039,7960,37
2023-10-01,프로 글래스,Instagram,91883,24637,1604,802
2023-09-03,고성능 가습기 X7,Facebook,305020,63319,6067,5113
2023-10-15,퓨처 센서 Ultra4,Instagram,338037,24383,6067,5072
2023-03-08,퀀텀 키보드 Max,Blog,29869,81310,7912,2050
2023-02-17,고성능 워치 Max,Facebook,116874,44991,3941,3142
2023-05-17,하이퍼 모니터 X,Instagram,166972,60705,3394,35
2023-04-13,프로 프로젝터,Instagram,485093,16154,8947,528
2023-06-23,울트라 드론 Go2,Facebook,402774,13915,2844,2783
2023-01-18,무선 스피커 Lite,Google Ads,367531,63188,4503,2549
2023-04-24,하이퍼 태블릿 SE,Instagram,89690,22586,4172,2706
2023-05-13,AI 스피커 Lite4,YouTube,30337,62830,3435,1822
2023-04-26,무선 허브 Z,YouTube,226596,73161,7910,2806
2023-04-20,하이퍼 허브 Plus,Blog,301092,5597,5597,2976
2023-10-25,무선 충전기 Go,Google Ads,311839,8541,6485,5412
2023-03-02,기가 스피커 Ultra,YouTube,325949,63461,5561,3034
2023-01-16,고성능 스피커 Pro,Google Ads,472546,73555,4634,3179
2023-07-31,고성능 마우스 Z,Google Ads,492364,71212,7278,6118
2023-07-23,하이퍼 허브 Lite7,YouTube,80036,44180,7961,6808
2023-09-07,에코 글래스 SE9,Instagram,188075,89117,6694,627
2023-06-11,고성능 센서 Plus,YouTube,226565,27157,9150,1591
2023-12-15,AI 시스템 Max1,Naver Ads,35526,97314,1057,326
2023-02-07,AI 솔루션 SE,Blog,181220,52689,8459,2736
2023-12-24,AI 카메라,Blog,40121,5643,5643,1612
2023-06-28,하이퍼 센서 Ultra9,YouTube,425950,53392,1081,663
2023-07-09,퀀텀 카메라 SE4,YouTube,419136,54032,9464,9147
2023-07-07,하이퍼 이어폰 Go,YouTube,56108,95411,590,26
2023-12-11,퓨처 공기청정기 Max,Instagram,377633,8199,6024,4
2023-10-13,하이퍼 프로젝터 SE9,YouTube,300500,75622,7901,3576
2023-12-26,스마트 프로젝터 Z6,Blog,224379,45805,3947,262
2023-09-30,프로 마우스 Lite8,Google Ads,294213,6297,6297,167
2023-02-28,AI 태블릿 Z,Google Ads,289513,83867,2973,1593
2023-06-24,에코 프로젝터 SE,Facebook,338670,40081,1348,823
2023-04-07,고성능 모니터 Z,Blog,414792,49295,6213,2473
2023-03-13,고성능 카메라 SE,YouTube,153916,95203,831,181
2023-12-12,무선 솔루션 Pro,YouTube,170452,69901,272,258
2023-08-18,무선 드론 Lite,Instagram,25704,75462,1968,1230
2023-09-24,기가 충전기 Lite9,Naver Ads,436036,56097,9416,730
2023-02-14,퀀텀 플랫폼 Lite,Facebook,213736,33913,1482,1025
2023-10-26,하이퍼 글래스 Lite10,Instagram,37742,17321,3213,562
2023-01-20,퀀텀 스피커 Max5,Blog,384842,7864,1960,1535
2023-03-23,울트라 솔루션,Google Ads,386684,43597,6070,2901
2023-06-15,프로 센서 Plus3,Naver Ads,453022,56994,9753,9346
2023-11-15,하이퍼 모니터 Plus6,Facebook,159500,23595,236,193
2023-07-11,퓨처 가습기 Go10,YouTube,334797,88845,5566,4422
2023-04-27,프로 스피커 Air,Facebook,368980,59748,5526,1384
2023-02-16,하이퍼 워치 Plus8,Instagram,21644,11349,699,64
2023-11-15,AI 글래스 Z,Naver Ads,209289,99567,1957,869
2023-12-05,무선 키보드 Pro4,Facebook,84730,33497,9988,3936
2023-12-06,기가 모니터 Max,Blog,169127,91714,4920,2328
2023-02-16,프로 센서 Plus3,YouTube,422720,43749,9584,4804
2023-11-06,네오 솔루션 Go,Facebook,257052,14674,2853,1246
2023-02-04,퀀텀 충전기 SE,YouTube,426000,65326,9225,4160
2023-11-06,AI 솔루션 SE,Blog,65440,79074,6291,2669
2023-05-13,프로 센서 Plus3,YouTube,33504,23951,2192,1644
2023-11-11,프로 워치 Max,Facebook,497360,43318,4424,664
2023-06-25,하이퍼 프로젝터 Pro10,Instagram,328448,3601,2976,1247
2023-10-15,네오 마우스 Pro,Naver Ads,100606,75596,292,181
2023-06-24,기가 공기청정기 Max,YouTube,449051,56050,5628,1023
2023-11-24,고성능 공기청정기 Lite2,Google Ads,375765,94370,4829,2878
2023-10-29,에코 메모리 Pro1,YouTube,415945,66681,5076,2134
2023-05-25,퓨처 마우스 Lite,Google Ads,308434,10283,2764,2418
2023-05-03,스마트 글래스 SE10,Google Ads,493598,92168,5885,5232
2023-02-21,고성능 솔루션 Pro,Naver Ads,452514,28674,8758,5148
2023-03-24,기가 메모리 Pro,Facebook,397532,44976,3883,277
2023-06-19,에코 노트북 Pro4,Naver Ads,290429,87835,2788,899
2023-12-30,울트라 카메라 X,YouTube,310901,62248,4247,1955
2023-03-25,AI 이어폰 Z3,Blog,452049,35029,2632,2168
2023-01-19,하이퍼 공기청정기 SE3,Instagram,181043,8067,2556,1736
2023-10-26,네오 마우스 Plus,Facebook,387026,43166,9745,1407
2023-12-20,하이퍼 워치 Plus8,Instagram,459582,56879,2961,1962
2023-11-08,퓨처 드론 Plus,YouTube,482874,29824,2917,2122
2023-07-27,네오 태블릿 Pro,Google Ads,449174,75392,4467,3999
2023-07-03,울트라 키보드 Max9,Google Ads,28842,23295,3478,1404
2023-11-05,무선 충전기 Max,Blog,163775,40795,8783,2902
2023-11-13,고성능 플랫폼 Ultra8,Google Ads,300530,95312,7434,5536
2023-09-10,에코 로봇청소기 Ultra5,Google Ads,474771,40119,8335,4078
2023-03-23,하이퍼 이어폰,YouTube,186380,20754,6384,4375
2023-08-05,AI 태블릿 Z,Instagram,88649,74029,2260,1957
2023-12-04,하이퍼 마우스 Plus,Naver Ads,310469,25684,6243,5580
2023-02-23,퀀텀 가습기 SE,Naver Ads,215159,92905,4330,2971
2023-10-23,기가 키보드 Air4,Google Ads,450597,99430,618,163
2023-02-17,기가 프로세서 Ultra2,Naver Ads,355517,95431,8748,4382
2023-05-03,하이퍼 마우스 Ultra6,YouTube,376299,82152,8678,7919
2023-03-25,프로 마우스 Lite8,Google Ads,236009,77746,1631,440
2023-02-15,울트라 워치 Ultra,Google Ads,170781,2601,2601,840
2023-04-07,네오 시스템 X,Facebook,269216,23052,3348,40
2023-12-24,프로 워치 Z5,Facebook,21285,59401,5233,2206
2023-12-29,프로 스피커 Air,Blog,243287,38474,1181,597
2023-12-22,퓨처 센서 Max,Blog,477524,32154,2234,1170
2023-02-27,프로 태블릿 X,Facebook,136117,13530,1771,1032
2023-05-22,에코 모니터 Pro10,Facebook,418443,61446,2984,3
2023-04-06,에코 메모리 Pro1,Instagram,12705,24631,4037,3470
2023-07-10,기가 모니터 Max,Google Ads,13014,77672,3585,2044
2023-09-11,AI 플랫폼 Air4,Naver Ads,121177,62249,643,100
2023-08-28,AI 글래스 Max,Facebook,153867,90324,9317,647
2023-07-17,AI 플랫폼 Air4,YouTube,137482,14817,7948,7035
2023-09-28,고성능 플랫폼 Go4,Naver Ads,361517,73701,171,131
2023-12-07,네오 가습기 Go,Naver Ads,306049,83676,8778,1809
2023-10-03,AI 프로젝터 Pro,Blog,77428,8853,1422,813
2023-12-31,프로 메모리 X,Instagram,214507,88658,9054,5129
2023-07-22,울트라 로봇청소기,Naver Ads,169478,34817,4641,1742
2023-06-26,스마트 프로젝터 X,YouTube,41794,50347,5480,30
2023-10-11,프로 태블릿 X,Blog,442401,64204,7937,4367
2023-10-08,퓨처 워치 Plus,Google Ads,43648,27846,6149,3684
2023-04-22,AI 태블릿 SE,Instagram,352555,67993,6341,5214
2023-04-06,프로 키보드 Plus,Blog,431473,56798,5081,516
2023-10-11,네오 시스템 X7,Facebook,273717,28909,9274,6046
2023-03-25,퓨처 가습기 Max4,Blog,347218,1654,1654,1168
2023-06-05,퀀텀 프로젝터 Max,Blog,171206,33534,8247,6539
2023-10-07,AI 글래스 Max,Blog,23307,43600,5484,1098
2023-05-29,무선 메모리 Lite7,Blog,322432,87047,3319,572
2023-08-23,기가 태블릿 Max,Instagram,158810,89259,2957,1372
2023-09-06,네오 워치 Pro,Facebook,339928,12743,8052,5400
2023-05-01,하이퍼 워치 Go,Naver Ads,497420,80961,4667,1854
2023-09-21,스마트 스피커 Pro3,YouTube,343669,53938,794,68
2023-12-05,퀀텀 카메라 Pro,YouTube,440681,66648,817,539
2023-04-28,프로 센서 Plus3,Instagram,196050,13698,1048,189
2023-02-25,고성능 스피커 Pro,Instagram,469987,41108,613,237
2023-03-06,고성능 모니터 Z,Instagram,408110,2185,2185,1420
2023-11-25,에코 태블릿 Z10,YouTube,338703,83243,6172,3623
2023-04-19,퀀텀 시스템 Go9,Instagram,376159,57933,2577,1335
2023-08-16,기가 메모리 SE,YouTube,115491,58585,2492,1870
2023-01-21,무선 로봇청소기 Plus,Facebook,41033,27265,4929,38
2023-09-02,AI 스피커 Z,YouTube,106483,89623,1442,1167
2023-09-14,프로 워치 Max,YouTube,142376,98430,3358,2859
2023-03-26,무선 노트북 Air10,Google Ads,60659,57019,8280,3334
2023-10-09,기가 프로세서 Plus9,Google Ads,36416,13645,5986,1115
2023-02-21,네오 시스템 X7,YouTube,36474,97785,8251,1683
2023-06-17,하이퍼 마우스 Plus,Google Ads,338049,19621,128,98
2023-12-26,퀀텀 충전기 Plus,Google Ads,60016,55040,5012,4905
2023-06-19,기가 메모리 Ultra9,Blog,428811,51405,8708,2594
2023-07-28,무선 충전기 Max2,Google Ads,154781,23464,4066,2327
2023-05-17,무선 플랫폼 Ultra,Blog,437065,29053,6255,2295
2023-05-04,하이퍼 글래스 Ultra7,Instagram,101558,89984,5583,2080
2023-11-29,울트라 드론,Instagram,347792,3899,3899,2918
2023-12-25,AI 프로젝터 Pro4,Facebook,139085,92530,3174,2216
2023-09-15,네오 프로세서 Max10,Facebook,478239,18591,2563,1274
2023-03-25,퓨처 드론 Plus,Blog,254368,32246,1113,215
2023-01-23,에코 글래스 SE9,Blog,310071,22770,4739,2564
2023-05-08,울트라 태블릿 SE,Facebook,58798,57315,4911,1108
2023-12-17,에코 센서 Max6,Google Ads,463175,85924,3375,1279
2023-09-28,무선 가습기 SE,YouTube,307151,20249,2800,1312
2023-03-06,퀀텀 노트북 X,Naver Ads,454419,18513,3521,564
2023-11-30,울트라 솔루션 Ultra2,Naver Ads,442626,9102,211,97
2023-06-03,울트라 허브 Z,Naver Ads,127425,12065,2017,715
2023-02-07,프로 충전기 Z,Google Ads,164378,72656,3162,1169
2023-03-29,기가 키보드 Air3,Blog,321036,91545,9023,1235
2023-01-04,무선 로봇청소기 Plus,Facebook,371207,66681,8807,6132
2023-02-11,퓨처 가습기 Ultra,Google Ads,111246,62210,7335,979
2023-04-12,기가 워치 Air,Naver Ads,18105,47090,7744,604
2023-08-30,울트라 프로젝터,Blog,188431,94603,5285,3303
2023-07-24,무선 센서 Pro,Blog,260107,45997,8808,1766
2023-01-15,기가 노트북 Max9,Instagram,489556,93151,6372,2168
2023-01-21,AI 시스템 Max1,Blog,471688,27064,924,63
2023-09-15,AI 메모리 X1,Google Ads,130245,3961,3961,743
2023-07-20,에코 스피커 Lite,Facebook,363239,62793,2511,1526
2023-10-18,네오 태블릿 Plus10,Blog,401512,53098,4035,3282
2023-12-02,네오 허브,Naver Ads,246492,61386,7116,6472
2023-03-17,울트라 센서,Facebook,177607,96836,8575,7738
2023-05-08,에코 플랫폼 Pro,Google Ads,59087,49714,772,736
2023-11-07,프로 마우스 Lite8,Instagram,377076,53849,781,777
2023-11-16,네오 센서 Go,YouTube,157874,34080,1101,207
2023-03-09,퀀텀 드론 Max3,Blog,190198,57543,2635,1800
2023-06-10,무선 허브 Z,YouTube,288653,48321,936,583
2023-01-21,에코 허브 Lite7,YouTube,494928,71229,9633,1130
2023-04-23,스마트 프로세서 Lite9,Instagram,287464,1308,1308,910
2023-10-17,울트라 드론 Z,Naver Ads,313725,29342,4466,1424
2023-02-14,하이퍼 센서 Ultra9,Blog,277003,33246,8219,8041
2023-01-24,하이퍼 허브 Plus,Instagram,159582,20799,9977,7447
2023-04-02,기가 노트북 Go,Google Ads,11739,27204,9635,2874
2023-03-10,퓨처 솔루션,Facebook,182204,71817,2794,1595
2023-10-20,무선 플랫폼 Pro6,Instagram,467370,56912,1460,1115
2023-05-02,하이퍼 카메라 Pro,Instagram,23843,45583,2904,107
2023-01-13,울트라 키보드 Max9,Naver Ads,231141,37826,3785,2607
2023-07-12,무선 허브 Ultra,Facebook,234212,47764,8844,1816
2023-12-19,네오 프로세서 Max10,Blog,263129,27155,6814,2198
2023-04-29,울트라 노트북 Lite3,Blog,143395,56356,283,14
2023-02-02,울트라 드론 Z,Google Ads,21074,33418,6741,5983
2023-08-15,기가 태블릿 Max,Naver Ads,449597,54674,9024,7680
2023-09-26,하이퍼 시스템 SE9,Instagram,135379,69024,254,144
2023-09-29,하이퍼 스피커 Go,Naver Ads,454561,87930,9789,1739
2023-09-10,고성능 카메라 SE,Instagram,27536,21828,6392,2647
2023-07-09,에코 글래스 SE9,YouTube,360855,49067,126,66
2023-04-01,퓨처 키보드 Max10,Facebook,185413,87502,8360,5686
2023-09-22,하이퍼 플랫폼,Blog,14773,66286,6709,6107
2023-04-21,프로 충전기 Z,Instagram,412020,81706,4476,33
2023-07-11,하이퍼 카메라 Air4,Facebook,255533,52458,3495,2933
2023-10-03,울트라 스피커 Z10,Instagram,281180,42238,190,102
2023-06-08,프로 센서 Plus3,Facebook,313656,87973,5700,2099
2023-04-15,스마트 프로젝터 Pro4,Instagram,113426,7697,3560,2722
2023-11-11,프로 메모리 X,Google Ads,246553,77728,9372,2337
2023-01-31,기가 충전기 Ultra,Blog,436344,57870,426,395
2023-02-20,무선 글래스 Lite,Google Ads,21610,56432,5320,759
2023-12-09,기가 메모리 X,Google Ads,94848,98709,5539,2451
2023-08-04,퀀텀 드론 Max3,Google Ads,473462,40482,6507,2604
2023-05-26,퓨처 허브 X8,Instagram,44334,45974,1611,1104
2023-12-29,기가 태블릿 Max,Facebook,251371,86693,7993,1656
2023-12-25,기가 충전기 Ultra,Blog,135964,28602,7367,1463
2023-01-27,퀀텀 센서 Pro,Naver Ads,479083,60950,7012,4904
2023-01-02,네오 이어폰 Ultra,Naver Ads,174661,47597,9249,8341
2023-10-31,퀀텀 태블릿 Z,Facebook,80249,49713,4280,3279
2023-03-25,퓨처 허브 Air,Google Ads,348172,17377,8237,4973
2023-10-24,퓨처 가습기 Ultra,YouTube,177488,18189,8931,8208
2023-12-11,퀀텀 카메라 Pro,YouTube,192850,24973,2736,549
2023-12-09,퓨처 스피커 SE,YouTube,268143,90786,9742,3604
2023-01-14,기가 플랫폼 Max,Google Ads,449109,47884,7519,3643
2023-07-05,울트라 모니터 Lite2,Naver Ads,165462,86916,6862,3748
2023-06-24,하이퍼 이어폰 Go,YouTube,30308,79347,4105,1597
2023-09-06,퀀텀 로봇청소기 Go,Google Ads,259247,8854,134,55
2023-06-06,AI 시스템 Pro3,YouTube,416393,31443,5905,3056
2023-04-06,AI 스피커 Lite,Blog,199352,6019,4607,4363
2023-12-17,퓨처 로봇청소기 Pro,YouTube,171195,63145,9092,3254
2023-06-18,프로 마우스 Plus,Facebook,340838,22038,4498,4316
2023-01-06,울트라 스피커 Lite,YouTube,465308,47461,1704,611
2023-06-21,네오 프로세서 Max10,YouTube,379752,19026,1154,559
2023-01-10,무선 드론,Instagram,87621,57021,3426,2573
2023-08-06,에코 카메라 Plus3,Google Ads,40751,8338,4810,3811
2023-09-30,에코 글래스 Max,Instagram,369000,76897,7132,2841
2023-01-02,하이퍼 가습기 Lite,Facebook,111786,58468,1259,878
2023-05-25,퀀텀 가습기 SE,Naver Ads,420615,36824,4566,580
2023-12-29,에코 프로젝터 SE,Instagram,31152,58089,9442,4403
2023-06-29,기가 메모리 Ultra9,YouTube,353790,90649,2224,1033
2023-02-28,스마트 이어폰 Pro3,Facebook,82728,13293,8204,220
2023-11-13,고성능 워치 Max,YouTube,76646,13397,9779,5470
2023-03-31,하이퍼 카메라 Pro,Google Ads,44684,87560,415,212
2023-01-11,퀀텀 태블릿 Plus,Google Ads,23246,40494,9065,1607
2023-11-28,하이퍼 로봇청소기 Z10,Blog,436373,22368,3911,1303
2023-02-27,프로 드론 Max10,YouTube,147484,56584,1989,979
2023-11-04,기가 플랫폼 Plus,Blog,393998,2917,2917,1083
2023-11-09,네오 마우스 Plus,Facebook,377244,54160,6219,5335
2023-10-25,스마트 플랫폼 Lite,Google Ads,297010,46299,3940,282
2023-03-04,프로 마우스 Lite8,Naver Ads,484446,72920,8607,7781
2023-12-13,AI 프로세서 Plus3,Naver Ads,72309,57578,2541,1543
2023-10-04,퓨처 로봇청소기 Pro,Naver Ads,416511,76603,8078,5649
2023-01-09,네오 프로세서 Max10,Instagram,27796,20451,2961,280
2023-01-15,프로 워치 Z5,Facebook,82309,77862,5538,2064
2023-09-07,울트라 스피커 Lite,Instagram,181411,40831,9032,7359
2023-03-28,퀀텀 솔루션 SE8,YouTube,355308,22808,9131,616
2023-04-23,에코 로봇청소기 Lite8,YouTube,90029,69647,9788,1253
2023-03-18,AI 프로세서 Plus3,Instagram,171474,98179,4912,2189
2023-07-03,하이퍼 카메라 Pro,Instagram,119536,37516,8065,79
2023-05-24,AI 태블릿 SE,Google Ads,30018,93193,6297,1073
2023-12-29,스마트 노트북 Pro,Facebook,488979,48027,4123,1071
2023-09-24,프로 충전기 Z,Blog,342581,76697,2808,896
2023-12-27,에코 프로젝터 X5,Instagram,194478,41006,8442,3099
2023-09-29,고성능 마우스 Air4,Google Ads,287456,34512,9516,5580
2023-03-05,무선 키보드 Plus8,Naver Ads,193825,4840,557,95
2023-05-05,울트라 모니터 X,YouTube,195061,33183,3300,2848
2023-06-22,프로 드론 Max10,Facebook,156462,93927,4302,1283
2023-03-19,네오 마우스 Pro,Google Ads,26765,32804,7854,3297
2023-06-21,에코 메모리 Lite1,Instagram,491322,87611,4983,4704
2023-12-01,에코 카메라 Plus3,Naver Ads,289895,70194,8962,2613
2023-11-30,울트라 솔루션 Plus8,Facebook,150099,95219,4480,1880
2023-11-08,에코 충전기 SE5,Blog,439953,38810,5411,4831
2023-08-09,네오 충전기 Air,Blog,443311,11984,144,53
2023-04-04,퓨처 로봇청소기 Air5,Naver Ads,190032,34570,608,184
2023-12-20,무선 드론,Google Ads,488349,26629,5475,1693
2023-03-03,무선 로봇청소기 Plus,Naver Ads,121160,72366,4793,4159
2023-04-11,스마트 프로세서 Lite9,Google Ads,379098,9396,7157,1302
2023-05-19,퓨처 드론 Plus,Facebook,146842,56229,7658,1935
2023-09-28,스마트 플랫폼 Lite,Naver Ads,346969,57565,3532,2369
2023-08-23,고성능 스피커 Pro,YouTube,270802,54391,6235,5769
2023-10-25,하이퍼 프로젝터 Pro10,Google Ads,402242,93114,950,848
2023-06-07,네오 마우스 X3,Facebook,472137,39447,2795,437
2023-12-01,네오 카메라 Go,Facebook,349764,49738,4954,1385
2023-09-25,에코 로봇청소기 Ultra5,Naver Ads,465414,81476,1428,888
2023-12-29,기가 충전기 Ultra,Blog,403271,54542,7268,371
2023-08-28,에코 글래스 SE9,YouTube,76228,85988,3953,1538
2023-10-21,스마트 마우스 Lite,Facebook,428751,81669,7996,1033
2023-09-25,하이퍼 노트북 Max2,YouTube,210446,27112,7807,3882
2023-03-04,울트라 솔루션 Ultra2,Blog,278053,6353,6353,5381
2023-02-19,프로 드론 Lite,Naver Ads,432760,53742,7257,1332
2023-12-06,고성능 마우스 Z,Instagram,309764,61887,9403,621
2023-08-22,기가 플랫폼 Plus,Google Ads,100235,61164,5611,60
2023-03-14,울트라 카메라 X,Instagram,134162,5217,5217,115
2023-10-26,네오 허브 Go,Naver Ads,172492,12613,7779,2078
2023-10-31,무선 스피커,Google Ads,390652,55855,7832,5696
2023-08-27,무선 스피커,Facebook,173043,9076,4814,447
2023-09-02,기가 플랫폼 Air,Blog,104136,31151,3542,293
2023-05-23,퓨처 로봇청소기 Air5,Google Ads,473882,29712,8452,1824
2023-08-29,스마트 드론 Ultra,Google Ads,257544,6270,6270,1084
2023-03-11,울트라 솔루션 Lite,Blog,404333,79135,7726,6475
2023-08-22,스마트 허브 Plus,YouTube,261674,37126,4347,93
2023-06-01,프로 드론 Lite,Instagram,159506,41741,6532,73
2023-11-21,네오 키보드 Pro9,Blog,158171,73451,1428,563
2023-05-06,울트라 센서,Blog,46764,71523,7071,1185
2023-12-28,무선 가습기 Z,Facebook,234508,67558,8513,8394
2023-05-11,울트라 메모리 Air5,Blog,169504,22272,6300,912
2023-03-24,AI 로봇청소기 Max10,YouTube,480862,79381,8090,4823
2023-03-05,네오 허브 Go9,Blog,68434,34423,6145,5753
2023-06-03,프로 플랫폼 Plus,Naver Ads,165722,1492,1492,208
2023-04-21,퀀텀 스피커 Max5,Naver Ads,188261,15278,1654,378
2023-07-15,하이퍼 글래스 Lite10,Blog,456145,44368,9754,3251
2023-02-07,고성능 이어폰 Go3,Naver Ads,125911,94926,1793,710
2023-01-18,퓨처 허브 X8,Google Ads,442358,34717,5212,1868
2023-11-17,무선 가습기 SE,Naver Ads,326629,15820,6034,3837
2023-04-03,퀀텀 플랫폼 Lite,Google Ads,287343,28562,7050,3137
2023-11-28,기가 노트북 SE7,Facebook,12259,43142,5105,3042
2023-03-20,AI 솔루션 X8,Facebook,42418,67246,2038,392
2023-05-13,에코 마우스 Plus7,Facebook,116877,62721,7569,1327
2023-02-24,무선 스피커 Pro,Facebook,469479,39444,6480,3270
2023-05-15,울트라 드론 Air,Blog,190574,16842,3323,2792
2023-11-25,AI 충전기,YouTube,359817,84671,175,79
2023-10-23,스마트 드론 Pro8,Instagram,23604,77325,9384,1175
2023-01-26,퀀텀 센서,Blog,201928,3724,3724,2057
2023-12-31,스마트 허브 Plus,Instagram,251764,77258,197,151
2023-09-26,퓨처 태블릿 Go10,Instagram,427156,49844,7350,1457
2023-12-23,울트라 키보드 Go5,Blog,34453,15649,3912,911
2023-12-15,무선 스피커 Pro,Blog,372120,70186,4012,2225
